id,first_name,last_name,email_address,telephone_no,dob
1,Hill,Vearncomb,hvearncomb0@answers.com,01806 584886,08/12/1962
2,Franz,Mival,fmival1@liveinternet.ru,01839 925777,19/01/1979
3,Leonie,Harmson,lharmson2@latimes.com,01479 508704,28/11/1960
4,Melisent,O' Gara,mogara3@pen.io,01694 306339,13/08/1956
5,Cullen,Jameson,cjameson4@lycos.com,01009 560334,15/02/1962
6,Devlen,Nelthropp,dnelthropp5@tripadvisor.com,01363 247353,29/04/1997
7,Loni,Ivashkov,livashkov6@upenn.edu,01058 716965,06/06/2001
8,Sharleen,De Ambrosis,sdeambrosis7@amazon.com,01739 345666,25/08/1992
9,Maggie,Breton,mbreton8@mtv.com,01243 097861,14/04/1944
10,Willie,Simond,wsimond9@state.tx.us,01990 374845,12/06/2006
11,Eugene,Tabram,etabrama@hostgator.com,01452 109134,03/10/1967
12,Demetris,Trevaskiss,dtrevaskissb@multiply.com,01839 702616,10/05/1968
13,Beck,Skipton,bskiptonc@netlog.com,01235 965626,06/10/1959
14,Erie,Miere,emiered@infoseek.co.jp,01089 541814,07/12/1954
15,Lucian,Ranken,lrankene@freewebs.com,01802 739338,29/07/1987
16,Loralie,Ziemen,lziemenf@tmall.com,01065 959997,31/12/1955
17,Ilyssa,Comiam,icomiamg@360.cn,01408 212031,20/03/1971
18,Cicely,Seatter,cseatterh@twitpic.com,01457 242204,05/09/1943
19,Odey,Biddleston,obiddlestoni@yahoo.com,01086 832714,02/04/1980
20,Marylin,Lorenzetto,mlorenzettoj@sourceforge.net,01278 638575,07/07/1951
21,Elvera,Anscott,eanscottk@hugedomains.com,01196 623499,22/01/1976
22,Maurits,Mellmoth,mmellmothl@smh.com.au,01030 569914,27/11/1994
23,Calida,Serfati,cserfatim@51.la,01729 273287,09/12/1967
24,Linus,Kamienski,lkamienskin@godaddy.com,01617 744153,28/05/1969
25,Stacia,Mixture,smixtureo@nytimes.com,01116 849621,29/12/1967
26,Kissiah,Buntin,kbuntinp@ovh.net,01441 171550,27/04/1960
27,Bernardo,Handrek,bhandrekq@google.com.au,01686 557807,16/08/1941
28,Ezmeralda,Nuemann,enuemannr@fotki.com,01058 809263,05/11/1997
29,Darsie,Umney,dumneys@utexas.edu,01607 087704,02/12/1998
30,Fabien,Iveagh,fiveaght@guardian.co.uk,01613 870048,04/06/2005
31,Victor,Clewlowe,vclewloweu@technorati.com,01681 079719,13/05/1947
32,Judd,Bonnin,jbonninv@flickr.com,01279 091906,24/07/1992
33,Lyndel,Simonassi,lsimonassiw@hp.com,01572 899308,10/11/2003
34,Gerrilee,Stracey,gstraceyx@addtoany.com,01230 355833,23/09/1941
35,Anatol,Houseley,ahouseleyy@sourceforge.net,01294 191897,13/03/2005
36,Judas,Paridge,jparidgez@ucla.edu,01573 018504,14/05/1996
37,Wren,Birrane,wbirrane10@dedecms.com,01956 790751,21/09/2001
38,Clara,Frany,cfrany11@gizmodo.com,01797 934696,28/01/2000
39,Lothario,Moulsdall,lmoulsdall12@1688.com,01034 529138,05/01/1992
40,Coreen,Lesslie,clesslie13@etsy.com,01851 444554,23/01/2011
41,Renee,Deesly,rdeesly14@microsoft.com,01597 779274,26/06/2009
42,Gigi,Halkyard,ghalkyard15@guardian.co.uk,01744 313076,22/10/1979
43,Meade,Rawls,mrawls16@artisteer.com,01378 435062,04/06/1989
44,Valida,Colbeck,vcolbeck17@ocn.ne.jp,01294 778976,27/08/1944
45,Veriee,Rosenbloom,vrosenbloom18@umich.edu,01675 261864,13/04/1978
46,Taffy,MacColl,tmaccoll19@mlb.com,01217 858346,04/04/1954
47,Rupert,Boddie,rboddie1a@php.net,01993 480547,22/08/1983
48,Helga,Krinks,hkrinks1b@people.com.cn,01730 347763,27/06/2009
49,Gradey,MacClure,gmacclure1c@wsj.com,01592 862570,17/07/1965
50,Abbot,Pettifor,apettifor1d@prnewswire.com,01254 536597,11/11/1977
51,Aristotle,Blaxter,ablaxter1e@ucoz.ru,01341 064912,17/08/1955
52,Beatriz,Moorwood,bmoorwood1f@yandex.ru,01528 961957,26/06/1986
53,Georgetta,Minocchi,gminocchi1g@dailymail.co.uk,01156 201523,24/12/2015
54,Nataniel,Perrottet,nperrottet1h@devhub.com,01685 355697,17/10/1974
55,Lorraine,Plaice,lplaice1i@hostgator.com,01212 230461,23/04/1965
56,Gordon,Baldoni,gbaldoni1j@bing.com,01204 713751,14/09/1950
57,Val,Slimings,vslimings1k@mit.edu,01584 038586,29/07/1978
58,Blake,Legh,blegh1l@sun.com,01721 919672,29/11/1988
59,Jordain,Dietzler,jdietzler1m@printfriendly.com,01100 826662,06/02/1942
60,Valdemar,Maud,vmaud1n@usnews.com,01374 044259,27/06/1979
61,Addie,Stood,astood1o@dailymotion.com,01345 045769,19/01/1970
62,Rahel,Farnell,rfarnell1p@newsvine.com,01665 456398,17/05/2001
63,Schuyler,Pickburn,spickburn1q@jimdo.com,01934 997931,25/01/1975
64,Dora,Calway,dcalway1r@newsvine.com,01613 466798,20/02/1957
65,Jeramie,MacGorrie,jmacgorrie1s@1und1.de,01496 173220,28/11/2015
66,Letizia,Reditt,lreditt1t@edublogs.org,01276 346026,27/07/1942
67,Chelsae,O'Ruane,coruane1u@newyorker.com,01839 371064,08/03/1957
68,Knox,Trundle,ktrundle1v@ucla.edu,01669 751141,20/05/1952
69,Carina,Belin,cbelin1w@joomla.org,01141 654465,29/04/2007
70,Orlan,Meale,omeale1x@go.com,01364 736429,01/03/1994
71,Dexter,Vitet,dvitet1y@youtu.be,01396 362494,14/11/2008
72,Jard,Roberti,jroberti1z@jugem.jp,01440 201649,29/01/1969
73,Fayre,Babst,fbabst20@hostgator.com,01204 090563,16/08/1995
74,Prescott,Erbain,perbain21@google.ru,01350 718056,08/02/2009
75,Jillana,McAllester,jmcallester22@cmu.edu,01149 927014,01/11/1994
76,Lyndell,Avory,lavory23@ted.com,01531 667320,23/06/1949
77,Josey,Edinburough,jedinburough24@networkadvertising.org,01885 841547,16/09/1968
78,Ave,McParlin,amcparlin25@sun.com,01050 499018,30/06/1984
79,Jae,Scrimshire,jscrimshire26@domainmarket.com,01098 904618,29/01/2006
80,Kendal,Devericks,kdevericks27@canalblog.com,01345 804749,02/04/1945
81,Shepperd,Sandercock,ssandercock28@ca.gov,01962 481557,04/07/1984
82,Madlen,Nisard,mnisard29@nytimes.com,01823 429576,06/02/1996
83,Bentlee,Woollam,bwoollam2a@artisteer.com,01259 639738,20/04/2011
84,Timothy,Cayley,tcayley2b@blinklist.com,01859 698201,29/01/1959
85,Maggee,Durak,mdurak2c@youtu.be,01693 119622,17/11/1944
86,Monty,Goodyear,mgoodyear2d@instagram.com,01068 159522,18/08/1975
87,Hedwiga,Withinshaw,hwithinshaw2e@e-recht24.de,01957 880667,23/09/2015
88,Emmy,Peaurt,epeaurt2f@census.gov,01787 491337,27/05/1956
89,Edlin,Goulstone,egoulstone2g@booking.com,01879 306742,01/11/1980
90,Katrinka,McNern,kmcnern2h@constantcontact.com,01550 075770,26/12/1946
91,Kennith,Fishly,kfishly2i@intel.com,01475 876656,14/11/1989
92,Rosy,Marchand,rmarchand2j@epa.gov,01617 512713,23/06/1943
93,Otto,Cadigan,ocadigan2k@wiley.com,01510 672093,20/10/2015
94,Galina,Riatt,griatt2l@wisc.edu,01816 194425,24/04/1957
95,Catharine,Longthorn,clongthorn2m@guardian.co.uk,01597 983666,27/06/1990
96,Maje,Mayberry,mmayberry2n@wired.com,01958 737331,27/08/1987
97,Nessie,Gregs,ngregs2o@sina.com.cn,01809 549244,01/05/1958
98,Harwilll,Cast,hcast2p@diigo.com,01358 849978,03/05/1978
99,Madelyn,Cowin,mcowin2q@geocities.com,01868 436503,24/07/1965
100,Griselda,Yellowlees,gyellowlees2r@studiopress.com,01275 031504,09/04/1941
101,Stirling,Pickover,spickover2s@state.gov,01629 053560,25/03/1967
102,Yehudi,Kryszka,ykryszka2t@tripadvisor.com,01722 241620,14/11/1950
103,Jo-ann,Wesgate,jwesgate2u@examiner.com,01145 010418,23/12/1985
104,Edeline,Bowe,ebowe2v@xrea.com,01309 570634,14/01/1970
105,Judah,Lewin,jlewin2w@jalbum.net,01119 131540,09/12/1945
106,Anthia,Shoubridge,ashoubridge2x@yolasite.com,01209 613949,01/04/1973
107,Minni,Tuxsell,mtuxsell2y@addtoany.com,01722 503822,15/07/2013
108,Winny,Masurel,wmasurel2z@soup.io,01173 374642,28/08/1981
109,Cindi,Vittori,cvittori30@timesonline.co.uk,01873 558648,27/02/1978
110,Jacklin,Pappi,jpappi31@yandex.ru,01340 294146,02/03/1966
111,Ingmar,Barosch,ibarosch32@zdnet.com,01733 893500,18/12/1973
112,Faina,Fulker,ffulker33@flavors.me,01465 003864,11/08/1995
113,Reinaldo,Diggin,rdiggin34@cafepress.com,01077 055482,01/06/1960
114,Consolata,Leedes,cleedes35@canalblog.com,01137 039601,30/09/1982
115,Stesha,Rathmell,srathmell36@shutterfly.com,01730 596274,15/05/1942
116,Catlee,Lownsbrough,clownsbrough37@wikipedia.org,01923 900958,10/09/1973
117,Quintana,Plaskett,qplaskett38@tmall.com,01226 187918,26/10/1998
118,Misti,Lynes,mlynes39@techcrunch.com,01961 951203,10/04/1966
119,Enos,Dust,edust3a@myspace.com,01839 326037,18/05/1964
120,Clem,Lemmers,clemmers3b@php.net,01671 627408,03/11/1984
121,Kerianne,Lutman,klutman3c@google.com.br,01445 843521,14/04/1991
122,Svend,Klagge,sklagge3d@alexa.com,01865 526145,07/02/1963
123,Celeste,Lindsley,clindsley3e@ihg.com,01139 965098,29/08/1983
124,Phaidra,Bowling,pbowling3f@psu.edu,01381 745595,07/10/1954
125,Elke,Ebbens,eebbens3g@blog.com,01117 623340,11/01/2010
126,Rhea,Bolino,rbolino3h@dot.gov,01450 456966,23/03/2010
127,Lorant,McCormick,lmccormick3i@cmu.edu,01427 033982,09/11/1952
128,Dominga,Domonkos,ddomonkos3j@tmall.com,01787 611298,26/12/2007
129,Meggy,Fernehough,mfernehough3k@linkedin.com,01909 077530,28/12/1949
130,Darsie,Magovern,dmagovern3l@gravatar.com,01767 561314,09/08/1966
131,Sarina,Barling,sbarling3m@stanford.edu,01767 632982,07/02/1992
132,Addie,Warlawe,awarlawe3n@addtoany.com,01051 651311,11/01/1972
133,Selene,Safont,ssafont3o@shareasale.com,01227 639904,25/08/1985
134,Kennan,Bullman,kbullman3p@weather.com,01871 112568,28/04/1979
135,Lorilyn,Kennedy,lkennedy3q@reddit.com,01947 879422,29/09/2001
136,Brendan,Sammon,bsammon3r@upenn.edu,01461 985602,28/09/2014
137,Ulrika,Ciccottini,uciccottini3s@odnoklassniki.ru,01494 370008,23/04/1941
138,Pembroke,Redmille,predmille3t@php.net,01317 582792,12/03/2006
139,Brad,de Clerq,bdeclerq3u@nifty.com,01945 780531,29/06/1972
140,Thatcher,Malicki,tmalicki3v@multiply.com,01372 381399,29/11/1986
141,Lila,Deener,ldeener3w@sciencedaily.com,01965 699855,26/03/1974
142,Abel,Bader,abader3x@vimeo.com,01536 561591,30/07/1958
143,Holly-anne,Morant,hmorant3y@ustream.tv,01082 454114,29/06/1959
144,Bent,Reinbech,breinbech3z@cnbc.com,01190 179497,04/04/1992
145,Wilbur,Byham,wbyham40@toplist.cz,01288 796411,30/12/1962
146,Mario,Downse,mdownse41@dailymotion.com,01515 850254,13/06/1956
147,Etty,Alfonzo,ealfonzo42@oracle.com,01575 040930,21/04/1997
148,Sharron,Gask,sgask43@usnews.com,01509 641742,09/11/1956
149,Meagan,Edmead,medmead44@com.com,01494 403021,29/06/1989
150,Kahlil,Nazareth,knazareth45@de.vu,01534 120165,21/12/1943
151,Beulah,Prys,bprys46@woothemes.com,01502 371023,09/03/1975
152,Corbett,Smelley,csmelley47@fotki.com,01062 248833,11/10/1982
153,Frederich,Odda,fodda48@google.nl,01121 298042,27/06/1949
154,Jody,Elkington,jelkington49@xinhuanet.com,01004 394194,06/06/1986
155,Reinhold,Whopples,rwhopples4a@taobao.com,01508 131969,02/01/1984
156,Egon,Worton,eworton4b@reddit.com,01559 967529,22/12/1945
157,Lancelot,Corderoy,lcorderoy4c@topsy.com,01548 673731,19/04/1966
158,Avivah,Patterson,apatterson4d@cdc.gov,01564 443957,02/05/2000
159,Carma,Jonczyk,cjonczyk4e@netvibes.com,01192 626018,29/05/1994
160,Wanids,Dye,wdye4f@angelfire.com,01339 678052,12/08/1963
161,Crystie,Rozzell,crozzell4g@tumblr.com,01647 362319,24/12/1944
162,Rene,Noah,rnoah4h@blogs.com,01105 939190,01/01/1983
163,Devonna,Ondrousek,dondrousek4i@google.com,01146 629596,04/12/1962
164,Harrison,Ladon,hladon4j@wisc.edu,01112 323661,11/03/1951
165,Mickie,Donalson,mdonalson4k@people.com.cn,01110 967298,08/02/1959
166,Kiele,Slateford,kslateford4l@360.cn,01765 166213,17/10/1977
167,Saul,Joutapavicius,sjoutapavicius4m@reverbnation.com,01457 479965,21/08/1983
168,Corly,Degue,cdegue4n@google.ca,01999 419639,09/11/1953
169,Rhianon,Muckle,rmuckle4o@yandex.ru,01110 743990,19/05/1978
170,Kelsy,Tisun,ktisun4p@jugem.jp,01349 866398,18/12/1967
171,Kalle,Paddle,kpaddle4q@moonfruit.com,01797 536249,03/05/1962
172,Luz,Cribbins,lcribbins4r@nytimes.com,01020 282929,27/10/2007
173,Gabey,Bredee,gbredee4s@samsung.com,01442 329026,11/04/1978
174,Martica,Fowgies,mfowgies4t@army.mil,01143 045283,18/05/1991
175,Alric,Willes,awilles4u@taobao.com,01705 042944,26/05/1961
176,Kerstin,Broggetti,kbroggetti4v@gravatar.com,01200 766163,02/04/1944
177,Ky,Wheble,kwheble4w@uiuc.edu,01369 850891,27/11/1995
178,Ariel,McCumskay,amccumskay4x@about.com,01837 635793,23/10/1981
179,Gina,Browncey,gbrowncey4y@i2i.jp,01956 257290,20/06/1951
180,Adda,Gomar,agomar4z@instagram.com,01655 463966,23/02/2002
181,Farlie,Bouchard,fbouchard50@google.co.jp,01704 389304,11/03/1967
182,Gwen,Allcoat,gallcoat51@yale.edu,01605 143069,08/07/1944
183,Caryl,Rodder,crodder52@php.net,01795 628435,16/02/1952
184,Leelah,Giacometti,lgiacometti53@pinterest.com,01484 184805,15/06/2015
185,Bambie,Coldbath,bcoldbath54@army.mil,01751 881995,23/05/1994
186,Guillema,Davidovits,gdavidovits55@bbc.co.uk,01348 777185,25/02/1955
187,Aloin,Stebbings,astebbings56@linkedin.com,01356 857125,03/05/1989
188,Jaquenette,Talks,jtalks57@cloudflare.com,01090 517186,06/09/1959
189,Reynolds,Rosbotham,rrosbotham58@mashable.com,01169 873455,03/02/1996
190,Lorrayne,Testro,ltestro59@chronoengine.com,01141 881003,09/02/1961
191,Hedda,Aldritt,haldritt5a@dmoz.org,01527 315665,21/06/2006
192,Becca,Mourton,bmourton5b@xing.com,01943 967260,13/10/1987
193,Mordecai,Sexon,msexon5c@ed.gov,01326 778391,03/04/1976
194,Netty,Jaouen,njaouen5d@java.com,01651 368837,19/05/1963
195,Pepito,Longfut,plongfut5e@cargocollective.com,01355 804250,07/04/1946
196,Diann,Houdhury,dhoudhury5f@yolasite.com,01975 056039,27/11/1992
197,Janela,Hendrick,jhendrick5g@bbb.org,01933 774753,24/07/1942
198,Freddy,Wallbank,fwallbank5h@wired.com,01150 183060,21/04/1965
199,Conrad,Swin,cswin5i@homestead.com,01979 784062,22/09/1998
200,Arleta,Klaaassen,aklaaassen5j@privacy.gov.au,01050 843077,21/10/1967
201,Issiah,Llewellin,illewellin5k@domainmarket.com,01370 078481,28/01/1964
202,Marietta,Mattaus,mmattaus5l@privacy.gov.au,01861 052136,26/09/1954
203,Elli,Broadway,ebroadway5m@yellowpages.com,01518 190455,12/08/2000
204,Tiphany,Fromont,tfromont5n@vk.com,01778 752691,08/12/1956
205,Marlee,Schuchmacher,mschuchmacher5o@washington.edu,01542 291333,12/03/1964
206,Melany,Butter,mbutter5p@desdev.cn,01534 982250,26/04/1983
207,Dun,Pichan,dpichan5q@va.gov,01208 918037,17/11/2007
208,Roman,Mungan,rmungan5r@trellian.com,01568 177926,26/10/1973
209,Monro,Haldane,mhaldane5s@illinois.edu,01017 477479,22/04/1964
210,Tannie,Brixey,tbrixey5t@google.com.br,01480 617977,09/04/1960
211,Floyd,Hunstone,fhunstone5u@flickr.com,01359 258403,12/12/2009
212,Geoff,Burney,gburney5v@rakuten.co.jp,01277 772817,15/11/2014
213,Curry,McBryde,cmcbryde5w@so-net.ne.jp,01931 638980,29/06/1954
214,Hilly,Danelutti,hdanelutti5x@over-blog.com,01211 837262,20/08/1962
215,Farrel,Laimable,flaimable5y@pen.io,01282 610256,19/12/1970
216,Leanor,Brimicombe,lbrimicombe5z@washingtonpost.com,01806 821416,06/01/1947
217,Caesar,Jotcham,cjotcham60@google.com.br,01648 191311,31/01/2003
218,Shandee,Orth,sorth61@sohu.com,01366 510794,06/02/1950
219,Brenda,McQuorkel,bmcquorkel62@netvibes.com,01018 681594,05/10/1970
220,Fonz,Pennycuick,fpennycuick63@linkedin.com,01754 155886,27/09/1969
221,Barton,Brok,bbrok64@bbc.co.uk,01999 485327,12/08/1995
222,Gilbertina,Ottewill,gottewill65@is.gd,01883 880885,06/12/1979
223,Arda,Arbuckel,aarbuckel66@ft.com,01006 595097,07/01/2014
224,Ambrose,Bruck,abruck67@t-online.de,01685 582345,06/07/1946
225,Federica,Ferentz,fferentz68@techcrunch.com,01470 178639,19/10/2011
226,Salaidh,de Wilde,sdewilde69@w3.org,01323 898705,14/07/1992
227,Niles,Middleditch,nmiddleditch6a@wp.com,01662 379061,24/04/1999
228,Nelli,Dendle,ndendle6b@boston.com,01757 343420,16/12/1957
229,Phylis,Tackett,ptackett6c@jalbum.net,01435 768727,22/08/1982
230,Torey,Alger,talger6d@joomla.org,01071 922873,03/01/1997
231,Gerhardt,Clinch,gclinch6e@ucoz.ru,01836 826162,18/10/1948
232,Edythe,Borland,eborland6f@sbwire.com,01843 523324,27/06/1987
233,Ted,Holligan,tholligan6g@ftc.gov,01557 199887,21/04/2011
234,Alard,Swindin,aswindin6h@histats.com,01739 858141,18/07/1949
235,Elsy,Lagen,elagen6i@apple.com,01044 171053,01/02/1984
236,Mollee,Sisley,msisley6j@craigslist.org,01905 411701,11/06/1992
237,Ozzie,McGinnell,omcginnell6k@dailymotion.com,01165 295543,05/12/2006
238,Pryce,Marunchak,pmarunchak6l@nasa.gov,01527 675484,22/04/1992
239,Roxi,Deeney,rdeeney6m@opensource.org,01812 209195,22/08/1997
240,Laurie,Pottery,lpottery6n@livejournal.com,01253 737022,15/10/1988
241,Frank,Gooder,fgooder6o@paginegialle.it,01139 091051,13/03/1989
242,Emilia,Hellin,ehellin6p@symantec.com,01593 962721,02/09/1996
243,Pippa,Balassa,pbalassa6q@wufoo.com,01290 946417,29/04/1978
244,Katherina,Dicey,kdicey6r@bandcamp.com,01343 401824,29/10/1971
245,Stefanie,Briamo,sbriamo6s@live.com,01192 450226,19/01/2004
246,Clementina,Cuerdale,ccuerdale6t@comsenz.com,01130 576904,16/08/1991
247,Tiffy,Berdale,tberdale6u@yellowpages.com,01666 215252,20/09/1951
248,Lief,Bortolotti,lbortolotti6v@buzzfeed.com,01468 032280,25/04/2000
249,Evie,Melding,emelding6w@msn.com,01149 725252,20/07/1955
250,Adriane,Devas,adevas6x@trellian.com,01824 312842,28/08/2007
251,Halsey,Krojn,hkrojn6y@hubpages.com,01112 945101,04/03/1960
252,Val,Gatrell,vgatrell6z@moonfruit.com,01378 159465,07/07/2011
253,Donalt,Frackiewicz,dfrackiewicz70@nhs.uk,01725 490439,23/12/1966
254,Nadia,Fassman,nfassman71@independent.co.uk,01160 111038,04/03/1953
255,Darrick,Feaveryear,dfeaveryear72@prnewswire.com,01674 162683,26/01/2012
256,Perle,Ruddock,pruddock73@arstechnica.com,01365 459521,10/09/1996
257,Jethro,Ruggles,jruggles74@comsenz.com,01171 591475,29/05/1997
258,Dreddy,Tire,dtire75@nationalgeographic.com,01895 310585,10/01/1971
259,Berti,Cumberpatch,bcumberpatch76@people.com.cn,01979 393497,07/10/2000
260,Kathe,Thornebarrow,kthornebarrow77@hexun.com,01399 054390,19/11/1989
261,Michaella,Craine,mcraine78@addtoany.com,01083 259897,07/04/1999
262,D'arcy,Kliche,dkliche79@boston.com,01212 141572,12/08/1981
263,Bryon,Waterland,bwaterland7a@github.com,01865 139868,08/03/2012
264,Agnesse,Rodger,arodger7b@va.gov,01764 241640,08/12/1968
265,Valentia,Exrol,vexrol7c@cyberchimps.com,01044 632787,07/09/1956
266,Margie,Hateley,mhateley7d@earthlink.net,01155 844085,02/02/1993
267,Hertha,Glennie,hglennie7e@ovh.net,01742 640361,09/06/2011
268,Garrott,Leeb,gleeb7f@topsy.com,01818 418468,06/07/1972
269,Idalina,Beek,ibeek7g@nbcnews.com,01482 794677,13/06/1995
270,Amerigo,Gasking,agasking7h@who.int,01064 277626,05/03/1967
271,Alf,Whitworth,awhitworth7i@wordpress.com,01843 348291,08/01/1961
272,Fanni,Wallentin,fwallentin7j@dropbox.com,01182 435003,02/04/1980
273,Jule,Gooch,jgooch7k@i2i.jp,01780 661624,26/12/1982
274,Dal,Peoples,dpeoples7l@arizona.edu,01345 328277,29/12/1995
275,Alaster,McMonies,amcmonies7m@telegraph.co.uk,01856 847980,09/04/1996
276,Zulema,Sheryn,zsheryn7n@eepurl.com,01220 500870,15/10/1981
277,Dulcine,Enns,denns7o@google.com.au,01685 692163,21/07/2007
278,Tedra,O'Hengerty,tohengerty7p@discuz.net,01639 421318,11/06/2008
279,Killy,Avery,kavery7q@princeton.edu,01958 073684,14/08/1973
280,Denys,Romanski,dromanski7r@amazonaws.com,01634 159182,02/10/1946
281,Rosaleen,Vowells,rvowells7s@reuters.com,01990 860403,18/07/1995
282,Amalle,Hanby,ahanby7t@dagondesign.com,01691 618896,02/08/1946
283,Denni,Ronaghan,dronaghan7u@xinhuanet.com,01073 888409,28/09/1991
284,Lilias,Aleavy,laleavy7v@hatena.ne.jp,01250 079974,30/04/2000
285,Witty,Gullan,wgullan7w@homestead.com,01725 902174,29/08/1989
286,Thatch,Slott,tslott7x@sina.com.cn,01951 557075,30/06/1967
287,Hali,Dumsday,hdumsday7y@ezinearticles.com,01367 882600,03/01/1963
288,Jordanna,McCoid,jmccoid7z@odnoklassniki.ru,01085 065568,21/12/1975
289,Devinne,Aulsford,daulsford80@cnbc.com,01860 454012,18/12/1996
290,Jeanna,Dash,jdash81@ow.ly,01713 403478,27/11/1992
291,Cybill,Melchior,cmelchior82@washingtonpost.com,01167 373855,12/07/2006
292,Consuelo,Sheppey,csheppey83@myspace.com,01411 681553,28/09/1944
293,Hyacinthe,Handford,hhandford84@paginegialle.it,01253 409012,04/06/1981
294,Rosmunda,Martt,rmartt85@oaic.gov.au,01010 017640,19/07/2005
295,Isidor,Fetteplace,ifetteplace86@huffingtonpost.com,01351 594313,27/10/1949
296,Sonni,Stayte,sstayte87@tripadvisor.com,01865 388537,08/02/2002
297,Amye,Folbigg,afolbigg88@house.gov,01509 825833,01/10/1988
298,Ciro,Harron,charron89@google.cn,01608 036135,19/03/1996
299,Sadie,Sherrell,ssherrell8a@guardian.co.uk,01608 540149,11/11/2013
300,Mufinella,Dering,mdering8b@kickstarter.com,01132 813976,05/08/1991
301,Nadean,Adenet,nadenet8c@tumblr.com,01998 264224,20/11/1960
302,Mufinella,Keiley,mkeiley8d@bbc.co.uk,01295 559469,08/06/1984
303,Giulia,Shead,gshead8e@un.org,01472 508089,22/12/1963
304,Andrei,Calafate,acalafate8f@ox.ac.uk,01324 109510,06/09/1966
305,Sheffie,Watkiss,swatkiss8g@arstechnica.com,01565 635005,04/03/1980
306,Lennard,De Angelis,ldeangelis8h@yandex.ru,01255 813833,24/11/1952
307,Latisha,Briskey,lbriskey8i@e-recht24.de,01327 363514,14/12/1950
308,Blane,Maly,bmaly8j@digg.com,01829 077050,05/06/1986
309,Roanne,McLachlan,rmclachlan8k@bizjournals.com,01103 349978,24/09/1982
310,Lemmy,Pevie,lpevie8l@mail.ru,01411 542774,17/06/2001
311,Catlee,Kentish,ckentish8m@sina.com.cn,01047 665323,06/03/1983
312,Deva,Swindin,dswindin8n@ox.ac.uk,01126 647317,02/07/1978
313,Chip,Kesterton,ckesterton8o@theatlantic.com,01517 818772,11/05/2004
314,Violet,Gyles,vgyles8p@biblegateway.com,01798 770711,05/04/1972
315,Madelon,Prahm,mprahm8q@hugedomains.com,01539 601109,09/03/2007
316,Reeva,Ruppel,rruppel8r@apache.org,01362 706249,06/03/1964
317,Aila,Dore,adore8s@salon.com,01579 815433,24/09/2004
318,Emilio,Saffe,esaffe8t@naver.com,01559 005328,09/07/2015
319,Spense,Labin,slabin8u@live.com,01013 935781,18/03/2012
320,Glenine,MacMechan,gmacmechan8v@amazon.de,01670 548296,17/09/1989
321,Horatius,Donahue,hdonahue8w@europa.eu,01453 280382,02/12/1941
322,Umberto,De Miranda,udemiranda8x@geocities.com,01574 656926,23/12/1959
323,Anabelle,Dyball,adyball8y@so-net.ne.jp,01399 124379,07/07/1974
324,Ringo,Standell,rstandell8z@simplemachines.org,01644 883883,28/01/2005
325,Erl,Hunday,ehunday90@hugedomains.com,01757 236169,31/07/1961
326,Aidan,Uphill,auphill91@cisco.com,01620 665190,26/01/1957
327,Berenice,Manwell,bmanwell92@exblog.jp,01271 455666,14/07/1995
328,Carmela,Berrecloth,cberrecloth93@pagesperso-orange.fr,01609 655125,07/03/1949
329,Danielle,Dowker,ddowker94@blog.com,01656 181661,16/04/1993
330,Kirby,Renhard,krenhard95@census.gov,01954 827218,21/01/1960
331,Aldon,Jeacocke,ajeacocke96@npr.org,01748 531632,06/11/1950
332,Kennan,O' Donohoe,kodonohoe97@wikispaces.com,01804 874820,24/07/1969
333,Amelita,Veltman,aveltman98@sourceforge.net,01244 482455,02/03/1997
334,Matias,Uzzell,muzzell99@cdbaby.com,01311 604380,18/06/2010
335,Alejandro,Fortnum,afortnum9a@theglobeandmail.com,01428 704996,29/11/1952
336,Chickie,Bassingden,cbassingden9b@opensource.org,01582 503849,14/12/1961
337,Hardy,Boothebie,hboothebie9c@sourceforge.net,01082 696578,27/05/1962
338,Patrice,Delph,pdelph9d@scientificamerican.com,01283 205498,19/05/1983
339,Xerxes,Cossell,xcossell9e@amazon.co.jp,01488 686138,13/03/1975
340,Romona,MacDonagh,rmacdonagh9f@google.com,01883 683446,20/01/2007
341,Sheffield,Quinevan,squinevan9g@icio.us,01876 137888,11/01/2009
342,Slade,Heckney,sheckney9h@imageshack.us,01219 392107,09/05/1950
343,Ravi,Christou,rchristou9i@newyorker.com,01477 131726,29/09/1978
344,Consolata,Aldhouse,caldhouse9j@admin.ch,01223 821682,11/12/1980
345,Tricia,Rudloff,trudloff9k@shareasale.com,01858 529832,08/08/1953
346,Florella,Idel,fidel9l@prnewswire.com,01157 372664,04/03/1989
347,Pet,Gullan,pgullan9m@addthis.com,01930 575266,02/08/1954
348,Dory,Hrycek,dhrycek9n@ustream.tv,01161 238387,23/07/2013
349,Estell,Blackhurst,eblackhurst9o@umich.edu,01983 408593,30/04/2013
350,Udale,Mapam,umapam9p@berkeley.edu,01292 638114,16/12/1944
351,Lorne,Coatts,lcoatts9q@jigsy.com,01188 300220,20/07/1985
352,Opalina,Braunfeld,obraunfeld9r@photobucket.com,01461 251009,03/12/1963
353,Molly,Gooder,mgooder9s@sphinn.com,01109 149519,30/07/1949
354,Shaina,Cavie,scavie9t@auda.org.au,01316 027427,07/05/1956
355,Sonnnie,Ceaplen,sceaplen9u@google.cn,01725 091857,18/11/2009
356,Saleem,Flemmich,sflemmich9v@deviantart.com,01469 879343,24/01/1994
357,Kennedy,Gorler,kgorler9w@telegraph.co.uk,01630 050395,30/06/1976
358,Emile,Bereford,ebereford9x@t-online.de,01702 875038,19/10/1966
359,Theressa,Redborn,tredborn9y@instagram.com,01426 707144,12/10/1945
360,Shannen,Schrieves,sschrieves9z@altervista.org,01215 678977,20/02/2008
361,Oliy,Glader,ogladera0@w3.org,01232 793359,29/03/1941
362,Hal,Warden,hwardena1@globo.com,01636 497634,09/05/1981
363,Elladine,Kinvan,ekinvana2@histats.com,01515 512607,10/01/1987
364,Andrej,Futcher,afutchera3@sun.com,01544 510732,10/07/2010
365,Nerta,Giacopazzi,ngiacopazzia4@skype.com,01794 645431,18/01/1973
366,Cherin,Doorbar,cdoorbara5@ox.ac.uk,01552 401050,11/09/1995
367,Raye,O'Doran,rodorana6@skyrock.com,01485 583436,09/03/1948
368,Halley,Gahan,hgahana7@illinois.edu,01431 600805,12/10/2008
369,Ailyn,McGinney,amcginneya8@fema.gov,01545 128796,09/03/1961
370,Caresa,Eccleshare,cecclesharea9@clickbank.net,01852 675605,30/03/1969
371,Vladimir,McCanny,vmccannyaa@bloglines.com,01028 931610,01/01/1968
372,Ellswerth,Cheesworth,echeesworthab@chron.com,01831 039705,24/09/1972
373,Hali,O'Hannigan,hohanniganac@addthis.com,01931 205458,27/12/2004
374,Valentin,Ioselev,vioselevad@wix.com,01193 114871,10/09/1990
375,Beverlee,Burfoot,bburfootae@dell.com,01220 179935,20/10/2004
376,Noe,Sultan,nsultanaf@hatena.ne.jp,01649 684054,04/04/1998
377,Falkner,Siman,fsimanag@forbes.com,01794 993829,06/12/1946
378,Gaile,McTaggart,gmctaggartah@privacy.gov.au,01784 414117,11/12/1964
379,Anette,Biaggioni,abiaggioniai@patch.com,01784 727166,07/04/2015
380,Nita,Arter,narteraj@angelfire.com,01427 333175,23/04/1948
381,Ermanno,Deyes,edeyesak@businessweek.com,01331 629535,12/01/1956
382,Noe,Cooke,ncookeal@omniture.com,01699 293547,22/12/1992
383,Trude,Sealand,tsealandam@blogtalkradio.com,01604 964376,24/01/1941
384,Viole,Lamb,vlamban@drupal.org,01045 560881,19/12/1959
385,Randa,Mabbitt,rmabbittao@webs.com,01097 207916,28/03/1993
386,Maurits,Hew,mhewap@bing.com,01385 172319,30/03/1983
387,Osborn,Bettaney,obettaneyaq@seesaa.net,01581 125474,03/01/1966
388,Anatollo,Guidone,aguidonear@cyberchimps.com,01232 843804,01/03/2004
389,Dorie,Guerry,dguerryas@vinaora.com,01441 879997,25/11/1950
390,Prent,Cheasman,pcheasmanat@blogtalkradio.com,01173 975855,29/01/1980
391,Chanda,Pickburn,cpickburnau@howstuffworks.com,01238 478744,01/05/1971
392,Lindsey,Beames,lbeamesav@google.de,01413 515811,03/10/2008
393,Barbara-anne,Pond-Jones,bpondjonesaw@ovh.net,01963 063148,16/02/2000
394,Fitzgerald,Newborn,fnewbornax@joomla.org,01951 663971,19/09/2005
395,Dee,Rocks,drocksay@deliciousdays.com,01700 068264,09/05/2003
396,Alair,Hendriksen,ahendriksenaz@umich.edu,01824 313687,05/06/1964
397,Britt,Chown,bchownb0@free.fr,01189 590573,11/09/1984
398,Nanice,Suermeier,nsuermeierb1@fema.gov,01797 129591,03/03/1973
399,Rivi,Tern,rternb2@washington.edu,01701 951347,12/01/1977
400,Evita,Skipp,eskippb3@cnbc.com,01861 539992,15/10/1998
401,Jolene,Skule,jskuleb4@bloglovin.com,01794 829740,25/07/2000
402,Lenna,Blowes,lblowesb5@state.tx.us,01448 634905,12/04/1967
403,Torrin,Inott,tinottb6@cdbaby.com,01263 790910,17/12/1965
404,Elmo,Duckworth,educkworthb7@typepad.com,01434 490414,10/03/1947
405,Carlo,Weatherall,cweatherallb8@feedburner.com,01707 926004,26/10/1988
406,Benedikt,Keenlayside,bkeenlaysideb9@networksolutions.com,01780 694667,18/02/2010
407,Bennie,Dillaway,bdillawayba@state.tx.us,01842 545170,24/07/1995
408,Barby,Silverstone,bsilverstonebb@aboutads.info,01423 397727,13/06/1975
409,Austine,Valasek,avalasekbc@answers.com,01820 061943,06/06/1942
410,Nilson,Medlin,nmedlinbd@marketwatch.com,01369 194508,24/09/1976
411,Cherry,Sutherington,csutheringtonbe@merriam-webster.com,01688 247437,05/08/1940
412,Thalia,Bhatia,tbhatiabf@abc.net.au,01052 389950,15/08/1947
413,Mathilde,Hearl,mhearlbg@wix.com,01833 702219,14/03/2001
414,Jordana,Lomond,jlomondbh@dropbox.com,01697 186378,16/04/1940
415,Chris,Roderham,croderhambi@joomla.org,01762 276534,04/09/1984
416,Rogerio,Rousby,rrousbybj@symantec.com,01267 572948,07/05/1985
417,Timmi,Curman,tcurmanbk@msu.edu,01183 654291,20/01/1983
418,Mathian,Kubin,mkubinbl@mapquest.com,01721 759412,09/04/1955
419,Caressa,Reignard,creignardbm@miitbeian.gov.cn,01723 645265,24/09/1946
420,Binny,De Giorgis,bdegiorgisbn@stumbleupon.com,01307 406252,07/08/1997
421,Gabriello,Avrahamov,gavrahamovbo@instagram.com,01264 292755,29/11/2013
422,Orren,Roebuck,oroebuckbp@smh.com.au,01614 064895,09/12/1959
423,Linzy,Headon,lheadonbq@edublogs.org,01736 685783,01/04/1997
424,Rea,Malmar,rmalmarbr@reverbnation.com,01030 157038,02/06/1975
425,Pansie,Munton,pmuntonbs@businesswire.com,01310 194297,15/07/1992
426,Amanda,Mulroy,amulroybt@redcross.org,01419 492000,17/01/1965
427,Jillian,Cruft,jcruftbu@mlb.com,01853 527420,28/04/1987
428,Siana,Ferreiro,sferreirobv@boston.com,01234 676751,06/04/2013
429,Chevalier,Calderhead,ccalderheadbw@liveinternet.ru,01440 509767,13/03/1943
430,Chance,Ewols,cewolsbx@rakuten.co.jp,01642 799289,18/06/1967
431,Elise,Pretor,epretorby@merriam-webster.com,01485 501801,20/08/2015
432,Lorenzo,Le Galle,llegallebz@microsoft.com,01099 962845,17/05/1948
433,Deonne,Halfhyde,dhalfhydec0@chicagotribune.com,01416 116727,12/01/1980
434,Rosamund,Naulty,rnaultyc1@sakura.ne.jp,01586 051911,20/03/1962
435,Julio,Portt,jporttc2@naver.com,01902 265577,05/03/1965
436,Waldemar,Andersch,wanderschc3@mit.edu,01054 900389,01/05/1968
437,Minnnie,Dodworth,mdodworthc4@mysql.com,01921 029531,06/01/2002
438,Darcee,MacLice,dmaclicec5@bloglovin.com,01190 971879,18/01/1993
439,Germayne,Maddaford,gmaddafordc6@amazon.co.uk,01214 892116,26/07/1949
440,Skipper,Boud,sboudc7@forbes.com,01520 678852,11/09/1973
441,Tiebout,Sulman,tsulmanc8@issuu.com,01649 961785,11/04/2004
442,Alfredo,Le feaver,alefeaverc9@digg.com,01668 237609,19/09/1961
443,Juliann,Northbridge,jnorthbridgeca@si.edu,01435 408711,09/02/2005
444,Fields,Stodart,fstodartcb@aboutads.info,01554 904285,06/10/1953
445,Nathan,Tosdevin,ntosdevincc@ftc.gov,01071 767603,31/10/1984
446,Ephraim,Bloomfield,ebloomfieldcd@goo.gl,01446 573741,27/08/2005
447,Betta,Cassam,bcassamce@istockphoto.com,01185 128836,25/09/2000
448,Norene,McLukie,nmclukiecf@simplemachines.org,01578 960501,19/08/1945
449,Jolyn,Duferie,jduferiecg@weebly.com,01644 333883,14/12/1983
450,Nobie,Brito,nbritoch@hud.gov,01263 349126,28/11/1944
451,Sonny,Abbiss,sabbissci@twitter.com,01969 121832,05/07/2011
452,Idalia,Bawle,ibawlecj@acquirethisname.com,01940 639883,08/09/1943
453,Aime,Rapper,arapperck@webnode.com,01670 100522,26/04/1940
454,Lelah,Shorbrook,lshorbrookcl@oaic.gov.au,01329 613742,07/06/2005
455,Regan,Hansford,rhansfordcm@taobao.com,01458 073488,19/04/1996
456,Debbi,Jansson,djanssoncn@answers.com,01997 543231,20/11/1978
457,Jordain,Chattoe,jchattoeco@mysql.com,01552 280809,05/07/1996
458,Adolphus,Firk,afirkcp@com.com,01491 622771,10/04/1996
459,Perle,Ince,pincecq@usgs.gov,01254 689171,05/04/2015
460,Lisa,Squelch,lsquelchcr@vinaora.com,01452 735228,27/11/1983
461,Bernelle,Weddeburn - Scrimgeour,bweddeburnscrimgeourcs@businessweek.com,01885 576652,13/03/1994
462,Lucine,Hovard,lhovardct@sciencedirect.com,01587 057931,08/11/1989
463,Murial,Dericot,mdericotcu@amazon.co.uk,01020 398473,20/04/2008
464,Fran,Concannon,fconcannoncv@cnbc.com,01831 545446,01/08/1945
465,Velma,Ternault,vternaultcw@stanford.edu,01097 581319,20/03/1940
466,Meriel,Elham,melhamcx@deviantart.com,01813 463473,13/08/1940
467,Perl,Teggart,pteggartcy@privacy.gov.au,01329 012017,21/09/1961
468,Nelia,Jiri,njiricz@simplemachines.org,01276 181282,21/09/1982
469,Sheelah,Cutcliffe,scutcliffed0@homestead.com,01008 662801,08/05/1983
470,Yardley,Judron,yjudrond1@eventbrite.com,01442 445718,07/09/1962
471,Romola,Cotton,rcottond2@tmall.com,01162 213536,24/10/2005
472,Eveleen,Horrod,ehorrodd3@gnu.org,01106 895805,05/07/2012
473,Janeta,Gorner,jgornerd4@sphinn.com,01189 045330,16/01/1977
474,Ezechiel,Leirmonth,eleirmonthd5@si.edu,01261 939300,20/04/1941
475,Olva,Carding,ocardingd6@mac.com,01767 135456,20/11/1990
476,Dewie,Glaves,dglavesd7@skyrock.com,01998 294840,08/07/1954
477,Cora,Pasley,cpasleyd8@sitemeter.com,01055 094361,07/01/1941
478,Arvin,Spring,aspringd9@disqus.com,01779 719830,02/01/1944
479,Fleurette,Ferrulli,fferrullida@bravesites.com,01758 108871,29/10/1984
480,Annmarie,McGebenay,amcgebenaydb@mit.edu,01478 076882,24/07/2012
481,Katharine,Tyrone,ktyronedc@networkadvertising.org,01118 350510,28/07/2010
482,Josefa,Brenton,jbrentondd@mayoclinic.com,01927 139300,22/01/1985
483,Candice,Sawden,csawdende@wp.com,01520 743391,30/08/1997
484,Zora,Carreyette,zcarreyettedf@cdbaby.com,01881 077606,02/04/1973
485,Hashim,Duker,hdukerdg@fc2.com,01821 371866,21/10/1977
486,Lorne,Stennett,lstennettdh@epa.gov,01681 695879,14/02/2003
487,Frederico,Thurborn,fthurborndi@shop-pro.jp,01530 676314,28/02/2007
488,Arlee,Denziloe,adenziloedj@java.com,01289 814415,05/06/2000
489,Crystie,Whitmell,cwhitmelldk@comcast.net,01856 467482,17/10/1951
490,Leonidas,De Witt,ldewittdl@delicious.com,01014 675969,13/08/1945
491,Anthe,Huffy,ahuffydm@so-net.ne.jp,01938 895777,15/12/1960
492,Doralin,Ropartz,dropartzdn@auda.org.au,01478 321999,10/11/1977
493,Billi,Corry,bcorrydo@bloomberg.com,01815 596684,10/07/1971
494,Brion,McDowall,bmcdowalldp@miibeian.gov.cn,01687 631136,31/01/2011
495,Chadd,Dowty,cdowtydq@icio.us,01190 296909,09/07/1980
496,Tawsha,McKea,tmckeadr@mysql.com,01364 806286,05/01/1983
497,Kenn,Lowdes,klowdesds@rakuten.co.jp,01017 473275,29/07/1975
498,Henry,Weeds,hweedsdt@hugedomains.com,01082 913471,16/05/1946
499,Fulvia,Spencers,fspencersdu@over-blog.com,01399 751191,08/11/1984
500,Tanya,Bilbee,tbilbeedv@angelfire.com,01950 189148,06/04/2002
501,Karee,Robertsson,krobertssondw@example.com,01411 289994,01/02/1951
502,Thoma,Scholtz,tscholtzdx@addthis.com,01181 465689,11/04/1964
503,Michal,Pitkethly,mpitkethlydy@yelp.com,01334 161808,19/01/1991
504,Helen-elizabeth,Agates,hagatesdz@salon.com,01651 858355,15/09/1942
505,Conway,Dreakin,cdreakine0@taobao.com,01342 151605,14/02/2004
506,Fionnula,Tille,ftillee1@sohu.com,01709 241014,19/12/1954
507,Arel,Claydon,aclaydone2@bluehost.com,01685 320275,07/09/1993
508,Win,Wippermann,wwippermanne3@com.com,01975 393944,06/11/1956
509,Dori,McAughtry,dmcaughtrye4@springer.com,01746 759124,13/08/1976
510,Kacy,Havelin,khaveline5@furl.net,01790 861412,05/02/1980
511,Vin,Bilson,vbilsone6@usa.gov,01868 531543,17/03/1953
512,Lisle,Sabbins,lsabbinse7@altervista.org,01453 085168,11/02/1963
513,Aura,Rodrig,arodrige8@spiegel.de,01664 451902,07/03/1978
514,Jecho,Petroselli,jpetrosellie9@ox.ac.uk,01399 250685,07/04/1960
515,Dawn,Cochran,dcochranea@foxnews.com,01479 592965,29/06/1985
516,Lin,Hendren,lhendreneb@guardian.co.uk,01424 207735,29/11/1957
517,Hilly,Beagan,hbeaganec@yale.edu,01534 310072,19/04/1952
518,Madel,Dowbiggin,mdowbiggined@hud.gov,01765 302248,06/09/2006
519,Sumner,Flood,sfloodee@cmu.edu,01580 336536,28/07/1976
520,Sonni,Juszczyk,sjuszczykef@diigo.com,01178 638129,29/01/1998
521,Shani,Sinkin,ssinkineg@sbwire.com,01229 094427,24/10/1943
522,Daron,McCuffie,dmccuffieeh@odnoklassniki.ru,01959 743835,11/12/2000
523,Desiri,Robey,drobeyei@tripadvisor.com,01643 215648,05/03/1952
524,Cathlene,O'Corr,cocorrej@goo.ne.jp,01968 663457,21/02/2014
525,Berky,Snazle,bsnazleek@devhub.com,01301 169308,23/07/1960
526,Sarah,McGavin,smcgavinel@nhs.uk,01414 645974,11/08/1945
527,Evered,Pudsey,epudseyem@friendfeed.com,01575 984118,19/11/1992
528,Kakalina,Bliss,kblissen@google.es,01625 539225,06/01/1966
529,Sydney,Reeds,sreedseo@hostgator.com,01798 148243,06/12/1950
530,Orville,Chason,ochasonep@usnews.com,01598 450167,06/09/2014
531,Wanids,Pimer,wpimereq@paypal.com,01568 256004,08/07/1989
532,Gratia,Roubay,groubayer@ehow.com,01740 573027,19/08/1985
533,Winnie,Davidovsky,wdavidovskyes@merriam-webster.com,01701 906720,10/11/1949
534,Helaine,Trout,htroutet@mayoclinic.com,01229 101886,24/12/1999
535,Chicky,Abisetti,cabisettieu@si.edu,01393 894784,03/05/1951
536,Ronnica,Tigwell,rtigwellev@alexa.com,01569 811875,22/06/2007
537,Mic,Paskins,mpaskinsew@purevolume.com,01393 872844,11/01/1997
538,Bobby,McHan,bmchanex@dell.com,01565 350232,22/05/1977
539,Leesa,Melling,lmellingey@barnesandnoble.com,01047 819245,08/01/1975
540,Zacherie,Clymo,zclymoez@samsung.com,01830 229500,22/10/2003
541,Fay,Simoncello,fsimoncellof0@csmonitor.com,01287 852787,29/01/2007
542,Melva,Mabbs,mmabbsf1@dion.ne.jp,01987 910367,30/10/1981
543,Herby,Radage,hradagef2@surveymonkey.com,01282 411180,09/08/1981
544,Ariela,Cleife,acleifef3@miibeian.gov.cn,01706 780234,22/10/1988
545,Bartram,Rousel,brouself4@zimbio.com,01521 440796,30/10/2005
546,Henry,Jellett,hjellettf5@imdb.com,01555 924546,11/04/1969
547,Hastings,Lockless,hlocklessf6@yellowbook.com,01813 830529,10/03/1989
548,Shayla,Inworth,sinworthf7@discovery.com,01982 421078,13/08/1948
549,Jackson,Blakely,jblakelyf8@xinhuanet.com,01325 839995,16/12/1999
550,Bo,Benzi,bbenzif9@creativecommons.org,01815 365982,06/11/1944
551,Talbert,Cicconettii,tcicconettiifa@house.gov,01745 125619,10/05/1969
552,Kit,Geeritz,kgeeritzfb@squarespace.com,01441 626897,30/11/1984
553,Ophelia,Side,osidefc@joomla.org,01482 896057,08/01/2000
554,Rachel,Dibden,rdibdenfd@free.fr,01801 242504,13/06/1955
555,Toby,Crocetti,tcrocettife@wiley.com,01587 536447,02/01/1946
556,Leland,Lethby,llethbyff@digg.com,01761 858770,23/06/2007
557,Annissa,Nottingam,anottingamfg@china.com.cn,01882 073896,08/07/1964
558,Yard,Jaggli,yjagglifh@bizjournals.com,01402 122362,02/11/1948
559,Evan,Currm,ecurrmfi@miibeian.gov.cn,01881 812836,10/09/1969
560,Tabby,Marzella,tmarzellafj@berkeley.edu,01459 949513,18/02/1950
561,Colver,Castiglione,ccastiglionefk@bloglovin.com,01355 646885,20/10/1959
562,Phedra,Chasen,pchasenfl@upenn.edu,01090 293063,28/12/1965
563,Nerissa,Amsden,namsdenfm@businessinsider.com,01925 330236,04/08/1941
564,Duncan,Litton,dlittonfn@ihg.com,01607 972235,23/03/1962
565,Gertrud,Aicheson,gaichesonfo@wikimedia.org,01954 748530,27/02/1998
566,Bevon,Fryd,bfrydfp@bloglines.com,01431 825452,04/12/1978
567,Vikki,Bucknall,vbucknallfq@purevolume.com,01937 381591,20/04/1988
568,Gregorio,Beurich,gbeurichfr@google.co.jp,01457 250133,17/10/1966
569,Ram,Flay,rflayfs@si.edu,01891 954240,24/06/1971
570,Chaunce,Francey,cfranceyft@domainmarket.com,01041 208743,07/08/1987
571,Shaun,Breitler,sbreitlerfu@prlog.org,01495 552906,15/09/2007
572,Kristofor,Jiran,kjiranfv@histats.com,01827 812640,09/03/1993
573,Daren,Birtwistle,dbirtwistlefw@live.com,01205 913333,08/11/1962
574,Darcee,Simao,dsimaofx@discovery.com,01594 447662,31/05/1987
575,Rasia,Damsell,rdamsellfy@abc.net.au,01320 760663,10/06/2014
576,Jude,Ortells,jortellsfz@upenn.edu,01846 694681,21/12/1964
577,Terry,Guerro,tguerrog0@businessweek.com,01709 856321,31/01/1978
578,Wendall,Dendon,wdendong1@timesonline.co.uk,01424 933601,15/02/1967
579,Gavin,Fant,gfantg2@elpais.com,01430 745419,23/08/1961
580,Joyann,Rannald,jrannaldg3@t-online.de,01143 740182,30/07/2015
581,Heall,Hubberstey,hhubbersteyg4@over-blog.com,01972 372940,17/05/1942
582,Blakeley,Spennock,bspennockg5@shareasale.com,01424 735518,05/11/1943
583,Isa,Mation,imationg6@economist.com,01622 206577,10/03/2010
584,Bobbie,Oldford,boldfordg7@fc2.com,01211 324077,13/10/1963
585,Nikolos,Lindgren,nlindgreng8@unblog.fr,01149 789192,23/09/2011
586,Hilary,Mounter,hmounterg9@tiny.cc,01770 711151,16/12/2010
587,Ferdy,Comiskey,fcomiskeyga@scientificamerican.com,01557 692436,15/08/1954
588,Spense,Degli Antoni,sdegliantonigb@ucsd.edu,01671 965066,15/12/1994
589,Phillipp,Large,plargegc@youku.com,01638 159527,25/07/1984
590,Sharai,Normavill,snormavillgd@furl.net,01594 640803,17/05/2007
591,Codi,Purry,cpurryge@addthis.com,01474 783584,06/02/1952
592,Antons,Iggo,aiggogf@amazon.co.uk,01327 485393,19/11/1978
593,Glenn,Dukesbury,gdukesburygg@cam.ac.uk,01799 618446,30/08/1956
594,Micaela,Aird,mairdgh@canalblog.com,01248 007485,29/12/1993
595,Maryjane,Whitwham,mwhitwhamgi@elegantthemes.com,01965 689576,10/12/1993
596,Catarina,Sully,csullygj@printfriendly.com,01558 396420,24/06/1982
597,Dukey,Haldenby,dhaldenbygk@sakura.ne.jp,01369 715723,18/06/1990
598,Ashlen,Ewen,aewengl@360.cn,01900 904844,05/06/2008
599,Carlie,Madelin,cmadelingm@ehow.com,01840 124608,02/06/1954
600,Barn,Gregoretti,bgregorettign@amazonaws.com,01567 961045,14/06/1974
601,Christiane,Benger,cbengergo@rambler.ru,01716 138400,13/02/1965
602,Drucill,Bartelet,dbarteletgp@about.com,01267 127909,11/05/1965
603,Antoinette,Puddle,apuddlegq@mozilla.org,01274 351185,28/05/1955
604,Sile,Wardhough,swardhoughgr@sogou.com,01098 661235,20/01/1991
605,Gaye,Benam,gbenamgs@yale.edu,01565 086547,02/03/1995
606,Syd,Mackney,smackneygt@weebly.com,01373 421562,27/06/1976
607,Celie,Whitehorn,cwhitehorngu@youku.com,01689 462205,21/01/1968
608,Ulick,Bartleet,ubartleetgv@miitbeian.gov.cn,01823 296242,03/03/1990
609,Tierney,Wilsdon,twilsdongw@altervista.org,01336 829044,20/06/1942
610,Harriett,Jonah,hjonahgx@geocities.jp,01183 559563,15/01/1971
611,Deena,MacLucais,dmaclucaisgy@scribd.com,01036 366103,24/05/1956
612,Brok,Spoole,bspoolegz@amazon.com,01878 609983,17/02/1965
613,Lynna,Wheatman,lwheatmanh0@myspace.com,01527 370890,23/07/1977
614,Brigitte,Lentsch,blentschh1@apple.com,01090 655844,07/12/2003
615,Delila,Redwall,dredwallh2@deviantart.com,01054 361508,02/09/2010
616,Leeland,Major,lmajorh3@ifeng.com,01689 466145,18/10/1962
617,Costa,Tucknott,ctucknotth4@google.com,01722 805540,16/08/1996
618,Gottfried,Ravenshaw,gravenshawh5@tinypic.com,01236 305570,16/10/1996
619,Jessi,Lemerie,jlemerieh6@qq.com,01378 605094,20/03/1979
620,Kaitlynn,Mc Grath,kmcgrathh7@wikispaces.com,01943 223838,08/02/1947
621,Augustus,Martello,amartelloh8@desdev.cn,01180 731415,12/08/1965
622,Arleta,Smitton,asmittonh9@parallels.com,01604 615603,18/02/1973
623,Quinlan,Rilings,qrilingsha@samsung.com,01626 521892,05/06/1953
624,Aggi,Downs,adownshb@slashdot.org,01981 209242,26/06/1971
625,Amberly,Vickers,avickershc@scientificamerican.com,01745 392396,25/09/1940
626,Leila,Gorusso,lgorussohd@ucoz.ru,01511 297478,18/02/1977
627,Tallia,Corcut,tcorcuthe@whitehouse.gov,01930 368686,21/06/1972
628,Giacinta,Gibbeson,ggibbesonhf@mapy.cz,01890 268573,26/03/1977
629,Caressa,Twentyman,ctwentymanhg@lycos.com,01609 244696,07/09/1940
630,Lisle,Anthill,lanthillhh@macromedia.com,01980 871803,29/11/1980
631,Rosene,Noone,rnoonehi@aol.com,01378 006466,08/09/1958
632,Averil,Bullick,abullickhj@twitter.com,01623 440365,29/04/1948
633,Stacey,Itzkovwitch,sitzkovwitchhk@sciencedaily.com,01075 048824,10/09/1995
634,Jackson,Flemmich,jflemmichhl@indiatimes.com,01653 962211,13/08/1982
635,Zena,Jeyes,zjeyeshm@wikimedia.org,01769 280654,20/05/1983
636,Noami,Tozer,ntozerhn@cisco.com,01873 132067,13/10/1999
637,Noellyn,Tincknell,ntincknellho@acquirethisname.com,01311 032602,18/05/2013
638,Finn,Roulston,froulstonhp@bing.com,01989 788607,02/03/2004
639,Margaret,McReynolds,mmcreynoldshq@aboutads.info,01795 129101,24/05/1968
640,Devora,Freeborn,dfreebornhr@gov.uk,01852 483943,24/12/1948
641,Pauli,Durno,pdurnohs@bizjournals.com,01326 127656,12/09/1974
642,Curtis,Wheadon,cwheadonht@typepad.com,01450 914189,03/04/1990
643,Ronny,Jenson,rjensonhu@ow.ly,01079 374977,17/10/1998
644,Misty,Fisby,mfisbyhv@sbwire.com,01530 772080,16/01/1962
645,Garth,Filipov,gfilipovhw@ihg.com,01991 182954,28/04/1993
646,Allsun,Benninck,abenninckhx@thetimes.co.uk,01868 101696,18/02/1981
647,Vonni,Shortan,vshortanhy@narod.ru,01536 114295,29/06/2000
648,Andreana,Santora,asantorahz@europa.eu,01022 345246,24/08/1984
649,Hermy,Linacre,hlinacrei0@ustream.tv,01390 115162,04/06/1953
650,Aharon,Rowles,arowlesi1@xing.com,01821 282664,14/10/1999
651,Cordie,Buscher,cbuscheri2@flickr.com,01190 618987,19/06/1992
652,Errick,Whitelaw,ewhitelawi3@toplist.cz,01685 499844,05/07/1979
653,Minna,Sutherington,msutheringtoni4@telegraph.co.uk,01441 462404,03/10/1948
654,Ruthy,Jacobsz,rjacobszi5@unc.edu,01610 410995,23/04/1987
655,Prue,Seabourne,pseabournei6@comsenz.com,01230 199913,08/03/1951
656,Courtnay,Westcott,cwestcotti7@jugem.jp,01479 619372,13/09/1953
657,Darlleen,Birwhistle,dbirwhistlei8@diigo.com,01369 175466,29/09/1977
658,Anthony,Vail,availi9@berkeley.edu,01521 121841,18/05/1959
659,Alasdair,Wooton,awootonia@sitemeter.com,01426 006246,10/09/1988
660,Annadiane,Casina,acasinaib@bigcartel.com,01739 316403,11/08/1995
661,Maxy,Errey,merreyic@aboutads.info,01079 805741,26/02/1997
662,Rozanne,Berthel,rberthelid@rambler.ru,01449 373302,22/05/1974
663,Mark,Orpin,morpinie@sciencedaily.com,01423 566032,22/02/1980
664,Bobine,Hopkins,bhopkinsif@arstechnica.com,01433 151054,09/08/2001
665,Giorgia,Margach,gmargachig@example.com,01945 023936,29/09/2012
666,Giffer,Wiles,gwilesih@sogou.com,01996 888739,09/04/1978
667,Godiva,Hendrick,ghendrickii@artisteer.com,01833 982860,13/05/2004
668,Orland,Else,oelseij@ucla.edu,01949 642582,22/02/2012
669,Diane,Turle,dturleik@ifeng.com,01639 250759,13/08/1987
670,Chaddie,Riglesford,criglesfordil@cloudflare.com,01432 427697,02/05/2002
671,Sacha,Bruster,sbrusterim@google.cn,01487 470261,17/09/1975
672,Antonio,Kemetz,akemetzin@eventbrite.com,01413 177570,16/01/1940
673,Verla,Dugget,vduggetio@time.com,01892 534285,07/08/1956
674,Dov,Patington,dpatingtonip@youtube.com,01281 890966,02/08/1976
675,Caprice,Boschmann,cboschmanniq@livejournal.com,01984 528669,17/04/1984
676,Danette,Cossins,dcossinsir@jugem.jp,01859 601273,20/01/1947
677,Benoit,Maddinon,bmaddinonis@reference.com,01841 685660,30/01/1980
678,Twyla,Warratt,twarrattit@ebay.co.uk,01729 328902,07/10/1994
679,Remington,Boissieux,rboissieuxiu@arizona.edu,01759 966492,24/05/1944
680,Imogene,Osborn,iosborniv@devhub.com,01011 799826,04/02/1955
681,Lydia,Allardyce,lallardyceiw@abc.net.au,01756 939908,07/07/1971
682,Hally,Filgate,hfilgateix@technorati.com,01992 500384,26/04/1968
683,Nadeen,Hamly,nhamlyiy@mayoclinic.com,01440 069329,14/06/1980
684,Sansone,Van Leijs,svanleijsiz@comcast.net,01732 991853,22/06/1995
685,Koral,Darrow,kdarrowj0@comcast.net,01060 767286,01/11/1955
686,Alysa,Cordingley,acordingleyj1@bloglovin.com,01729 504522,04/08/2008
687,Oneida,Reame,oreamej2@redcross.org,01184 270283,29/07/1960
688,Heddi,McPhilip,hmcphilipj3@instagram.com,01235 135298,07/11/1998
689,Marty,Bastin,mbastinj4@google.de,01161 473822,30/09/1975
690,Ervin,Towell,etowellj5@chronoengine.com,01521 240502,08/01/2004
691,Geordie,Mulrean,gmulreanj6@ask.com,01054 174117,04/02/1975
692,Jim,McCrann,jmccrannj7@unicef.org,01713 243216,03/08/2012
693,Norris,McGlone,nmcglonej8@blinklist.com,01305 050884,05/02/1976
694,Lorrie,Goodbairn,lgoodbairnj9@globo.com,01602 921031,19/07/2004
695,Lanna,Goodfellow,lgoodfellowja@google.co.uk,01940 636314,23/04/2012
696,Thatch,Wilcinskis,twilcinskisjb@gov.uk,01479 392190,07/08/2007
697,Geoffry,Lipsett,glipsettjc@dailymail.co.uk,01200 058038,24/11/2004
698,Marna,Mattek,mmattekjd@cyberchimps.com,01734 055917,06/09/1968
699,Duffie,Blase,dblaseje@google.de,01346 057836,07/07/2008
700,Kristien,Ioselev,kioselevjf@vkontakte.ru,01707 224449,10/09/1963
701,Marlee,Kesey,mkeseyjg@ca.gov,01205 252257,13/08/1976
702,Jordana,Debrett,jdebrettjh@huffingtonpost.com,01951 951685,22/01/1967
703,Silvie,Danilin,sdanilinji@columbia.edu,01676 365860,17/08/1948
704,Dominica,MacAndreis,dmacandreisjj@ox.ac.uk,01553 491458,16/06/1954
705,Mervin,Carletto,mcarlettojk@vk.com,01078 827968,17/12/2003
706,Sholom,Emmerson,semmersonjl@smugmug.com,01508 584151,06/07/1989
707,Else,O'Sullivan,eosullivanjm@surveymonkey.com,01012 237279,14/05/2008
708,Garek,Dublin,gdublinjn@posterous.com,01040 486302,01/07/1998
709,Humbert,Beeck,hbeeckjo@techcrunch.com,01084 244079,13/09/1980
710,Maxie,Witard,mwitardjp@uol.com.br,01936 528699,26/01/1954
711,Valerye,Antham,vanthamjq@nydailynews.com,01140 120259,18/03/1995
712,Bette-ann,Wark,bwarkjr@wordpress.com,01007 719451,23/03/2006
713,Wadsworth,Toovey,wtooveyjs@cnet.com,01614 436499,19/07/1972
714,Ora,Pryde,oprydejt@dropbox.com,01942 370538,30/05/1979
715,Leigh,Gonthard,lgonthardju@youtu.be,01874 904425,10/08/2007
716,Theobald,Mattiussi,tmattiussijv@latimes.com,01390 166931,12/07/2015
717,Mikey,Tomney,mtomneyjw@yellowpages.com,01857 497701,07/05/1991
718,Claiborne,Haill,chailljx@a8.net,01028 508101,01/06/1978
719,Ancell,Doumerc,adoumercjy@utexas.edu,01136 944766,25/09/1990
720,Zacharie,Gentle,zgentlejz@comsenz.com,01684 920558,16/03/1966
721,Emile,Chiswell,echiswellk0@huffingtonpost.com,01347 591489,18/01/1987
722,Vanni,Lusted,vlustedk1@europa.eu,01651 396336,25/07/2012
723,Carole,Lemasney,clemasneyk2@yolasite.com,01884 753445,30/03/1948
724,Fletcher,Brazur,fbrazurk3@amazonaws.com,01324 585039,10/02/1974
725,Vic,Chadburn,vchadburnk4@dell.com,01394 435279,03/06/1991
726,Valle,Gilbeart,vgilbeartk5@mozilla.org,01756 992359,14/10/2003
727,Iorgos,Pyer,ipyerk6@engadget.com,01103 650878,12/05/1984
728,Cindi,Coddington,ccoddingtonk7@arizona.edu,01517 046758,26/11/1941
729,Lynn,Whates,lwhatesk8@forbes.com,01296 859021,18/05/2010
730,Laurie,Aingel,laingelk9@pcworld.com,01671 793601,28/01/2000
731,Miltie,Figin,mfiginka@slideshare.net,01321 672715,22/07/1942
732,Woodrow,Caplen,wcaplenkb@usa.gov,01586 021243,18/07/1988
733,Danny,Prandy,dprandykc@myspace.com,01369 850217,03/05/1941
734,Cordey,Dallow,cdallowkd@wikia.com,01568 639025,15/06/1953
735,Onofredo,Ferentz,oferentzke@paginegialle.it,01813 785820,05/06/1991
736,Colette,Awin,cawinkf@cpanel.net,01380 054772,08/07/1953
737,Doria,Carrett,dcarrettkg@issuu.com,01143 167811,20/02/1974
738,Lovell,Penwright,lpenwrightkh@google.com,01533 464969,08/02/1982
739,Moore,Menguy,mmenguyki@hp.com,01193 189365,28/11/2008
740,Marta,Swidenbank,mswidenbankkj@google.fr,01526 398785,09/12/2005
741,Sascha,Chapellow,schapellowkk@multiply.com,01865 280867,20/04/1982
742,Marietta,Burtwhistle,mburtwhistlekl@163.com,01171 565019,15/03/1951
743,Reidar,Bramley,rbramleykm@youku.com,01892 760344,24/11/1978
744,Moyna,Hayzer,mhayzerkn@ezinearticles.com,01860 852454,07/08/1941
745,Kelly,Mozzetti,kmozzettiko@cloudflare.com,01711 534100,07/04/1984
746,Pat,Gomery,pgomerykp@unc.edu,01269 272408,06/11/1993
747,Gertruda,Chalkly,gchalklykq@webnode.com,01148 553993,31/03/1958
748,Kassie,Beckworth,kbeckworthkr@facebook.com,01641 308045,30/10/1952
749,Luther,Sidnall,lsidnallks@techcrunch.com,01452 029154,07/07/1956
750,Maribeth,Espina,mespinakt@timesonline.co.uk,01099 642701,31/08/2011
751,Cletis,Dagon,cdagonku@jalbum.net,01449 496103,10/02/1977
752,Geoffrey,Leopold,gleopoldkv@cdc.gov,01141 768851,20/06/1941
753,Richie,Murrow,rmurrowkw@shutterfly.com,01082 584898,19/06/1970
754,Field,Rosbotham,frosbothamkx@csmonitor.com,01853 143955,05/04/1998
755,Manny,Summerton,msummertonky@nature.com,01671 186215,29/01/1972
756,Marga,Tims,mtimskz@biglobe.ne.jp,01157 239049,02/12/1984
757,Tremaine,Truscott,ttruscottl0@hhs.gov,01628 977964,03/11/1989
758,Teddy,Adolf,tadolfl1@hc360.com,01052 592362,11/12/2008
759,Ronnie,Vanelli,rvanellil2@guardian.co.uk,01419 510831,13/08/1950
760,Aprilette,Bearn,abearnl3@umich.edu,01357 018947,10/12/1963
761,Zuzana,Miners,zminersl4@ca.gov,01818 232780,09/10/2010
762,Ailey,Kirwin,akirwinl5@marriott.com,01960 688417,29/12/2005
763,Shaine,Parris,sparrisl6@mapy.cz,01424 260285,21/07/2002
764,Ashlee,MacPhee,amacpheel7@patch.com,01851 124434,12/09/1955
765,Hermia,Robillard,hrobillardl8@naver.com,01108 439098,03/01/1983
766,Tobey,Vogelein,tvogeleinl9@amazon.co.uk,01078 725134,15/11/1995
767,Harcourt,Stoeck,hstoeckla@jugem.jp,01698 439821,03/05/2012
768,Karon,Janowicz,kjanowiczlb@infoseek.co.jp,01546 271181,15/09/2011
769,Hort,Grutchfield,hgrutchfieldlc@dyndns.org,01796 653411,13/07/1968
770,Elissa,Weatherdon,eweatherdonld@ehow.com,01877 391109,29/08/1947
771,Herrick,Dowtry,hdowtryle@ocn.ne.jp,01616 183709,25/07/2006
772,Carlyle,Hupka,chupkalf@macromedia.com,01877 575583,19/09/1946
773,Stafford,Benham,sbenhamlg@archive.org,01304 491119,24/10/2008
774,Maribeth,Rappa,mrappalh@trellian.com,01194 161994,24/07/1968
775,Wendie,Whaley,wwhaleyli@wikia.com,01113 088545,01/06/1969
776,Kiah,Ciobotaro,kciobotarolj@a8.net,01675 603519,01/04/1965
777,Gerek,Jirzik,gjirziklk@blogspot.com,01497 303503,17/03/2006
778,Nevin,Spurman,nspurmanll@businessinsider.com,01026 203353,15/07/1943
779,Amelie,Fielden,afieldenlm@census.gov,01545 746042,18/04/1990
780,Lida,Wyatt,lwyattln@1688.com,01230 472484,03/10/1982
781,Crystie,Megarry,cmegarrylo@dedecms.com,01533 285303,03/11/1989
782,Horacio,Standbrooke,hstandbrookelp@census.gov,01415 207638,30/01/1976
783,Etheline,Chasen,echasenlq@typepad.com,01614 188701,17/08/1956
784,Paulo,Giovannini,pgiovanninilr@google.com,01231 746443,08/04/1986
785,Amalea,Clibbery,aclibberyls@yolasite.com,01774 677706,28/09/1958
786,Eziechiele,Liepins,eliepinslt@topsy.com,01303 131737,31/12/2000
787,Lanny,Sabatini,lsabatinilu@tinypic.com,01559 006153,04/10/1944
788,Winston,Murrum,wmurrumlv@clickbank.net,01110 471530,03/05/1964
789,Forster,Bouda,fboudalw@redcross.org,01608 096701,08/02/2002
790,Archambault,Burchfield,aburchfieldlx@flickr.com,01298 685157,16/05/1951
791,Angelita,Shuxsmith,ashuxsmithly@usda.gov,01298 915954,13/06/2015
792,Winona,Goldine,wgoldinelz@theatlantic.com,01485 897045,11/09/1999
793,Vidovik,Trengrove,vtrengrovem0@nature.com,01339 498538,22/10/2008
794,Glennis,Linnett,glinnettm1@cargocollective.com,01380 136564,15/02/1971
795,Rolf,Huddle,rhuddlem2@theglobeandmail.com,01702 005345,08/07/2007
796,Inigo,De Dantesie,idedantesiem3@google.cn,01451 676449,11/01/1944
797,Fawne,Shakshaft,fshakshaftm4@friendfeed.com,01993 875135,12/05/1971
798,Maxwell,Harvison,mharvisonm5@rambler.ru,01060 041105,18/01/1995
799,Brooke,McKay,bmckaym6@omniture.com,01461 706917,18/06/1976
800,Saunderson,Tanslie,stansliem7@t-online.de,01053 907625,20/01/2013
801,Corina,Lanfranchi,clanfranchim8@mail.ru,01772 329349,18/03/1967
802,Shermie,Halbert,shalbertm9@illinois.edu,01326 876801,25/04/1956
803,Kessiah,Iorns,kiornsma@soup.io,01421 385645,08/03/1944
804,Dalis,Patten,dpattenmb@dmoz.org,01479 542755,15/02/2010
805,Heidie,Cudiff,hcudiffmc@fc2.com,01452 088809,30/06/1956
806,Mendie,Ritch,mritchmd@ask.com,01293 553159,09/04/1948
807,Jo ann,Coveny,jcovenyme@yahoo.com,01262 985329,25/07/2002
808,Carey,Tattoo,ctattoomf@ustream.tv,01054 000902,10/03/1984
809,Elsey,Labitt,elabittmg@about.me,01021 622060,11/07/1977
810,Jared,MacKall,jmackallmh@hibu.com,01403 154994,25/03/1952
811,Clarke,Cotsford,ccotsfordmi@cisco.com,01159 575040,15/08/2013
812,Lucio,Tithecote,ltithecotemj@newyorker.com,01669 482813,11/09/2006
813,Eimile,Eyes,eeyesmk@virginia.edu,01883 276123,09/03/1974
814,Jeanie,Lisimore,jlisimoreml@mysql.com,01979 480074,07/06/1996
815,Brade,Extil,bextilmm@ted.com,01150 381289,11/09/1996
816,Kimberly,Fernez,kfernezmn@so-net.ne.jp,01799 889459,24/03/1940
817,Rollie,Millwater,rmillwatermo@cisco.com,01490 079540,12/03/1953
818,Wendel,Thorne,wthornemp@wordpress.com,01317 730594,16/04/1982
819,Tabbatha,Lochet,tlochetmq@hatena.ne.jp,01102 506035,09/04/1941
820,Granger,Blackett,gblackettmr@unesco.org,01524 003995,13/02/2011
821,Nicolina,Cordelette,ncordelettems@mayoclinic.com,01278 195171,27/04/1962
822,Karylin,Raraty,kraratymt@mapy.cz,01717 534341,05/09/1980
823,Kati,Chaise,kchaisemu@pcworld.com,01626 575518,03/02/1943
824,Wandis,Capnor,wcapnormv@ft.com,01465 166879,06/12/1944
825,Gustave,Jewers,gjewersmw@trellian.com,01774 850848,20/05/1966
826,Tuesday,Hatwell,thatwellmx@alibaba.com,01467 152408,24/05/2003
827,Korella,Rosenbarg,krosenbargmy@oaic.gov.au,01296 781864,30/05/1947
828,Shaine,Swayne,sswaynemz@blog.com,01348 339286,12/07/2000
829,Holly,Norheny,hnorhenyn0@state.gov,01680 419253,18/04/2003
830,Tommy,Kenna,tkennan1@about.me,01184 346438,21/02/1978
831,Scot,Crosbie,scrosbien2@github.com,01228 362193,11/08/1964
832,Gabie,Gasticke,ggasticken3@thetimes.co.uk,01770 999048,01/07/1955
833,Lauren,Couth,lcouthn4@va.gov,01210 482453,18/10/1983
834,Starlene,Rowland,srowlandn5@cam.ac.uk,01124 063478,08/09/1989
835,Rubi,Piche,rpichen6@mapquest.com,01382 497719,29/12/2004
836,Tammie,Gligoraci,tgligoracin7@lulu.com,01091 220914,23/11/1958
837,Shelby,Rush,srushn8@rakuten.co.jp,01734 501076,23/05/1964
838,Lila,Roof,lroofn9@comcast.net,01544 585760,14/07/1957
839,Stan,Secombe,ssecombena@mit.edu,01335 972685,21/12/1980
840,Cass,Redolfi,credolfinb@zdnet.com,01351 380131,29/10/1976
841,Mattias,Paolini,mpaolininc@xinhuanet.com,01676 967651,17/06/1978
842,Luis,Folk,lfolknd@state.tx.us,01999 267554,29/12/2002
843,Muffin,Leith-Harvey,mleithharveyne@buzzfeed.com,01109 507372,28/04/2009
844,Patrice,Burde,pburdenf@privacy.gov.au,01796 883167,06/06/1982
845,Drake,Poutress,dpoutressng@msu.edu,01592 697184,04/10/1960
846,Omero,Sitlinton,ositlintonnh@plala.or.jp,01984 840978,25/02/2008
847,Staffard,Meachen,smeachenni@yale.edu,01441 983751,08/11/1969
848,Wendy,Hechlin,whechlinnj@opera.com,01614 227371,16/12/1996
849,Domini,Sikorski,dsikorskink@oracle.com,01551 610410,26/07/1967
850,Algernon,Catlin,acatlinnl@t.co,01921 265247,01/09/1941
851,Alfredo,Danilchev,adanilchevnm@uol.com.br,01083 215912,17/03/1971
852,Lacie,Musprat,lmuspratnn@cdc.gov,01033 816184,30/10/1974
853,Lanny,Follitt,lfollittno@virginia.edu,01824 006721,20/03/2012
854,Randolph,Kellegher,rkelleghernp@imdb.com,01565 384523,23/12/1963
855,Orel,Cannaway,ocannawaynq@scribd.com,01857 138868,29/10/1994
856,Haroun,Scally,hscallynr@amazon.co.uk,01030 314847,05/11/2001
857,Ardis,Lumber,alumberns@twitter.com,01232 171203,24/02/1954
858,Karena,Maiklem,kmaiklemnt@google.ru,01703 081783,11/06/1942
859,Chiarra,Maleby,cmalebynu@redcross.org,01630 811212,10/04/1945
860,Josepha,Weigh,jweighnv@zimbio.com,01567 315608,06/08/2006
861,Natividad,Thomen,nthomennw@nsw.gov.au,01634 957500,08/12/1975
862,Hayes,Jobe,hjobenx@ning.com,01300 367467,03/09/2006
863,Rene,Lawrance,rlawranceny@apache.org,01235 191483,23/01/1964
864,Jeniece,Hernik,jherniknz@dedecms.com,01223 386548,24/04/1975
865,Lynne,Ziemens,lziemenso0@free.fr,01723 977029,13/04/1957
866,Benedikt,MacGiolla,bmacgiollao1@sun.com,01179 320354,30/03/1962
867,Lancelot,Priestley,lpriestleyo2@goodreads.com,01065 326177,30/08/1954
868,Cletus,Harbert,charberto3@addthis.com,01170 718470,31/08/1954
869,Kare,Viegas,kviegaso4@phpbb.com,01425 136454,27/05/1993
870,Howey,Durtnal,hdurtnalo5@lycos.com,01006 440200,18/03/1991
871,Krishnah,Van Rembrandt,kvanrembrandto6@webeden.co.uk,01348 005062,23/05/1941
872,Waylan,Speerman,wspeermano7@tripod.com,01045 429034,02/01/1972
873,Ephrem,Coad,ecoado8@sfgate.com,01727 452372,21/09/1952
874,Angel,Rizzardini,arizzardinio9@sciencedaily.com,01795 494477,21/12/1959
875,Fabien,Joyes,fjoyesoa@scientificamerican.com,01627 094995,25/12/2014
876,Barbi,Haydn,bhaydnob@ezinearticles.com,01363 930161,01/01/1941
877,Carolynn,Rens,crensoc@ucoz.com,01612 669964,30/09/2009
878,Poppy,Cathie,pcathieod@github.io,01622 745384,13/06/1945
879,Catherin,Mayes,cmayesoe@salon.com,01360 208294,31/01/1985
880,Byran,Bineham,bbinehamof@wikipedia.org,01688 474252,24/01/1980
881,Delores,Batchan,dbatchanog@house.gov,01685 413363,16/04/1979
882,Giles,Frawley,gfrawleyoh@networkadvertising.org,01504 487794,23/06/1964
883,Debra,Rickword,drickwordoi@blogspot.com,01698 627666,15/08/1960
884,Eustace,Burfoot,eburfootoj@omniture.com,01738 800251,07/11/2015
885,Lauretta,Mouncey,lmounceyok@dagondesign.com,01827 690153,07/09/2014
886,Pier,Devonish,pdevonishol@reference.com,01220 966765,13/05/1954
887,Angelika,Balden,abaldenom@accuweather.com,01443 580669,03/03/2006
888,Nichols,Attiwill,nattiwillon@twitter.com,01679 677264,04/08/1941
889,Colas,Plumb,cplumboo@creativecommons.org,01777 595926,30/05/1983
890,Jorie,Lush,jlushop@wufoo.com,01832 171092,17/10/2007
891,Petey,Wadworth,pwadworthoq@ebay.co.uk,01533 498209,26/02/1995
892,Gil,Backsal,gbacksalor@imdb.com,01145 291210,23/05/1950
893,Dwight,Walsh,dwalshos@va.gov,01764 322176,25/11/2007
894,Mickie,Mainson,mmainsonot@ezinearticles.com,01067 176615,06/06/1960
895,Harriett,Kinsett,hkinsettou@feedburner.com,01574 419105,17/10/1946
896,Deck,Frazier,dfrazierov@hibu.com,01277 550534,15/07/1999
897,Dannie,Gotthard.sf,dgotthardsfow@bigcartel.com,01636 612377,02/06/1987
898,Clim,Ortiga,cortigaox@exblog.jp,01870 897295,29/02/2012
899,Cloris,Guilloneau,cguilloneauoy@networkadvertising.org,01446 513980,02/09/1992
900,Donn,Fullard,dfullardoz@1und1.de,01946 123761,11/01/2007
901,Byrom,Presnall,bpresnallp0@indiegogo.com,01674 464420,17/11/1950
902,Bartolomeo,Tuffell,btuffellp1@opensource.org,01932 632996,03/11/1947
903,Camille,Verbruggen,cverbruggenp2@shareasale.com,01543 495141,03/01/1953
904,Karil,Isham,kishamp3@npr.org,01102 613758,30/03/1956
905,Iseabal,Church,ichurchp4@vkontakte.ru,01562 130657,26/12/1997
906,Monty,Petr,mpetrp5@livejournal.com,01029 138498,10/02/2005
907,Sascha,Searston,ssearstonp6@skyrock.com,01479 894531,04/07/1952
908,Sherie,Troy,stroyp7@goo.ne.jp,01637 063019,21/09/2010
909,Madge,O'Sherrin,mosherrinp8@yandex.ru,01702 941479,01/10/1960
910,Myrvyn,Haddacks,mhaddacksp9@nyu.edu,01330 076112,02/10/1959
911,Stafani,Connors,sconnorspa@wunderground.com,01354 441254,11/03/1965
912,Curry,Pedrick,cpedrickpb@ehow.com,01312 481142,09/05/1995
913,Elsbeth,Vamplew,evamplewpc@google.ru,01408 088049,15/09/1955
914,Carilyn,Gleed,cgleedpd@acquirethisname.com,01898 240035,14/12/1963
915,Matti,Fidoe,mfidoepe@google.it,01192 216332,28/12/1950
916,Bea,Foister,bfoisterpf@tripadvisor.com,01618 290186,03/05/1963
917,Madison,Edland,medlandpg@sitemeter.com,01966 830252,25/01/1976
918,Clo,Keitch,ckeitchph@mapy.cz,01690 056025,17/11/1950
919,Olivia,Cater,ocaterpi@webs.com,01953 295209,06/09/1954
920,Carmel,Antonoczyk,cantonoczykpj@nsw.gov.au,01611 773657,12/12/2007
921,Quent,Carpe,qcarpepk@ucoz.ru,01141 088079,09/09/1969
922,Lexine,Costellow,lcostellowpl@alibaba.com,01554 823364,25/02/1944
923,Milissent,Sperwell,msperwellpm@sphinn.com,01070 118130,12/09/1948
924,Shayla,Wardlaw,swardlawpn@g.co,01259 238036,21/09/1949
925,Alejoa,Munro,amunropo@amazon.co.jp,01490 828400,08/10/1951
926,Orren,Genthner,ogenthnerpp@techcrunch.com,01414 128637,31/01/1964
927,Moll,Duffit,mduffitpq@ibm.com,01857 470540,03/01/1974
928,Quill,Fennelow,qfennelowpr@list-manage.com,01227 897046,09/10/2001
929,Gibbie,Gawen,ggawenps@furl.net,01017 814969,29/07/2003
930,Pincas,Bresland,pbreslandpt@hao123.com,01096 111139,21/01/1978
931,Sutton,de Pinna,sdepinnapu@icq.com,01174 342911,26/08/1941
932,Melba,Appleton,mappletonpv@unicef.org,01573 369083,04/12/2008
933,Darin,Vasilenko,dvasilenkopw@umn.edu,01329 377367,12/08/1994
934,Raimondo,Gaymer,rgaymerpx@tuttocitta.it,01648 668969,16/06/1969
935,Rosemarie,Chene,rchenepy@elpais.com,01559 269601,15/04/1948
936,Vittoria,Collimore,vcollimorepz@narod.ru,01503 244184,04/01/1997
937,Chelsy,Shuttle,cshuttleq0@google.de,01422 730936,12/02/1993
938,Rosanne,Moxson,rmoxsonq1@msn.com,01237 208187,04/03/2000
939,Nettle,Pietrzak,npietrzakq2@smugmug.com,01923 758956,22/07/2003
940,Kylie,Borrow,kborrowq3@omniture.com,01629 947807,18/03/1977
941,Bernard,Gianninotti,bgianninottiq4@artisteer.com,01217 938268,05/01/1960
942,Tatiana,Lambkin,tlambkinq5@behance.net,01960 249941,26/04/1941
943,Cathrine,Wickham,cwickhamq6@comcast.net,01000 500042,02/10/2013
944,Brew,Currie,bcurrieq7@tripadvisor.com,01784 942106,26/02/1982
945,Pegeen,Bringloe,pbringloeq8@icio.us,01820 826624,05/12/2003
946,Goran,Grolle,ggrolleq9@slashdot.org,01488 261838,28/01/2004
947,Armand,Pygott,apygottqa@dell.com,01986 731906,18/03/1981
948,Korney,Buncombe,kbuncombeqb@weibo.com,01324 102286,29/07/1943
949,Rich,McIlhone,rmcilhoneqc@harvard.edu,01631 186625,03/03/1961
950,Natassia,Bootland,nbootlandqd@histats.com,01311 646502,17/09/2010
951,Gregor,Edison,gedisonqe@printfriendly.com,01793 565545,07/04/1965
952,Carter,Knudsen,cknudsenqf@dedecms.com,01172 646414,07/01/1941
953,Margo,Juster,mjusterqg@cargocollective.com,01715 828709,03/06/1964
954,Ursula,Abrashkin,uabrashkinqh@craigslist.org,01735 751628,04/04/1946
955,Berky,Dobbyn,bdobbynqi@php.net,01133 804089,15/07/1982
956,Emelina,Antosik,eantosikqj@thetimes.co.uk,01239 651113,25/10/2007
957,Malinde,Filipczynski,mfilipczynskiqk@ibm.com,01580 566073,04/01/1983
958,Donica,Splevins,dsplevinsql@gov.uk,01689 242266,07/09/2014
959,Alta,Youle,ayouleqm@gov.uk,01015 015471,12/08/1995
960,Lindy,Hook,lhookqn@zimbio.com,01386 851399,24/04/2002
961,Gilberte,Perle,gperleqo@earthlink.net,01010 649103,22/08/2012
962,Connie,Pearton,cpeartonqp@twitpic.com,01685 604776,22/11/1973
963,Sosanna,Provest,sprovestqq@nih.gov,01783 504640,17/03/1985
964,Gerda,Chainey,gchaineyqr@artisteer.com,01428 428329,21/01/1964
965,Dennet,Alekhov,dalekhovqs@is.gd,01739 030427,29/01/1977
966,Roxane,Cure,rcureqt@google.ru,01636 529214,08/04/2007
967,Ichabod,Devoy,idevoyqu@biblegateway.com,01430 780827,16/03/2004
968,Yves,Cudde,ycuddeqv@slate.com,01027 191475,02/12/1968
969,Tamma,Sextone,tsextoneqw@alibaba.com,01893 835960,02/04/2006
970,Clayborn,Gullyes,cgullyesqx@army.mil,01399 690192,17/04/1964
971,Blanch,Raddenbury,braddenburyqy@stanford.edu,01691 820385,10/08/1945
972,Madelena,Jeaycock,mjeaycockqz@rakuten.co.jp,01947 283622,14/06/1958
973,Valene,Woolard,vwoolardr0@wunderground.com,01199 085139,26/05/1961
974,Christen,Privett,cprivettr1@deviantart.com,01870 503983,21/07/1964
975,Dacy,Trathen,dtrathenr2@msn.com,01121 311610,09/10/1977
976,Eugenie,Heaven,eheavenr3@dyndns.org,01639 231472,26/01/2015
977,Coraline,Domican,cdomicanr4@bandcamp.com,01402 417973,10/06/1995
978,Abbie,Prendergast,aprendergastr5@mail.ru,01659 815475,23/11/1965
979,Selig,Dibsdale,sdibsdaler6@myspace.com,01526 042582,09/08/1999
980,Brittney,Youell,byouellr7@facebook.com,01455 988495,08/07/2003
981,Regen,McGill,rmcgillr8@elegantthemes.com,01405 379089,25/10/2001
982,Querida,Swayton,qswaytonr9@nih.gov,01185 107614,07/10/1982
983,Babb,Briskey,bbriskeyra@mac.com,01389 306982,03/05/1982
984,Elicia,Peabody,epeabodyrb@wix.com,01423 829707,03/07/1950
985,Tremayne,Siemon,tsiemonrc@ftc.gov,01367 282839,03/02/1960
986,Eryn,Waith,ewaithrd@furl.net,01264 883723,27/09/2008
987,Donica,Cranmer,dcranmerre@tamu.edu,01323 974219,28/03/2003
988,Adella,Ovitts,aovittsrf@harvard.edu,01340 685503,07/10/1999
989,Dewey,Pady,dpadyrg@plala.or.jp,01295 010067,17/10/2001
990,Hedwig,Truckett,htruckettrh@marketwatch.com,01474 087667,18/09/1984
991,Wilmar,Paddison,wpaddisonri@prlog.org,01888 740062,22/01/1998
992,Boone,Frunks,bfrunksrj@trellian.com,01711 033997,10/01/1961
993,Meris,Heathcote,mheathcoterk@so-net.ne.jp,01579 758107,15/02/1994
994,Sue,Filasov,sfilasovrl@elegantthemes.com,01492 829372,08/10/1974
995,Nicol,Jindrak,njindrakrm@techcrunch.com,01749 368503,12/02/1994
996,Nikolaos,Lockhead,nlockheadrn@artisteer.com,01349 263511,29/12/1966
997,Granthem,MacNess,gmacnessro@theguardian.com,01810 663730,02/05/1979
998,Odo,Mountstephen,omountstephenrp@barnesandnoble.com,01576 340012,02/02/1995
999,Gale,Oulner,goulnerrq@trellian.com,01571 294897,25/05/1945
1000,Lucius,Sinney,lsinneyrr@xinhuanet.com,01595 947244,27/11/1995
